source_id,source_group,source_name,layer_or_variable,already_integrated,spatial_coverage,temporal_coverage,access_method,access_url,format,license,update_cadence,citation_url,(AI) ll_relevance,(AI) pipeline_path,(AI) integration_complexity,(AI) integration_notes,decision,priority,rationale,reviewer_comments
agraratlas_wcs_farm_structure,Agricultural Statistics,Agraratlas Statistikportal,Farm-structure WCS coverages,no,Germany,"2010, 2016, 2020 census years",WCS,https://www.wcs.nrw.de/stba/agraratlas?REQUEST=getCapabilities&SERVICE=WCS&VERSION=1.0.0,WCS raster coverages,[needs-verification],[needs-verification],https://www.wcs.nrw.de/stba/agraratlas?REQUEST=getCapabilities&SERVICE=WCS&VERSION=1.0.0,All 5 LLs; tabular/raster statistics can be filtered to LL NUTS-3 regions after download,tabular,Medium,Large WCS bounded to farm-structure themes; kind: tabular does not yet exist in sources.yaml.,,,,
agraratlas_wcs_organic,Agricultural Statistics,Agraratlas Statistikportal,Organic farming WCS coverages,no,Germany,"2010, 2016, 2020 census years",WCS,https://www.wcs.nrw.de/stba/agraratlas?REQUEST=getCapabilities&SERVICE=WCS&VERSION=1.0.0,WCS raster coverages,[needs-verification],[needs-verification],https://www.wcs.nrw.de/stba/agraratlas?REQUEST=getCapabilities&SERVICE=WCS&VERSION=1.0.0,All 5 LLs; useful for organic-farming comparison across LL regions,tabular,Medium,Large WCS bounded to organic-farming themes; kind: tabular does not yet exist in sources.yaml.,,,,
destatis_genesis,Agricultural Statistics,DESTATIS GENESIS,NUTS-3 statistical variables,in-progress,"Germany, administrative statistics",varies by GENESIS table,REST-item,https://www-genesis.destatis.de/datenbank/online,JSON/CSV via GENESIS API,API terms; token required,varies by table,https://www-genesis.destatis.de/datenbank/online,All 5 LLs via NUTS-3 statistics,tabular,Medium,Pipeline is in progress; auth token must never be committed.,include,,,
degree_urbanisation,Demographics / Settlement,GHSL Degree of Urbanisation,Degree of Urbanisation classification,no,Global; country and tile downloads available,multiple epochs/resolutions depending on product,manual-download,https://ghsl.jrc.ec.europa.eu/download.php,ZIP downloads with vector boundaries and classification tables,European Union reuse with proper acknowledgement,updated releases; product-specific,https://ghsl.jrc.ec.europa.eu/download.php,All 5 LLs; settlement context around rural/agricultural LL regions,tabular,Medium,Manual GHSL product selection; likely use country split/table join rather than full global rasters.,,,,
dwd_cdc_daily_precipitation,Climate,DWD Climate Data Center,Daily precipitation station data,no,Germany,historical and recent station time series,FTP,https://opendata.dwd.de/climate_environment/CDC/,ZIP archives with station metadata/text tables,open data; cite DWD terms,ongoing CDC updates,https://opendata.dwd.de/climate_environment/CDC/Readme_intro_CDC_ftp.txt,All 5 LLs via station filtering or interpolation to LL regions,tabular,Medium,Bounded CDC entry; do not enumerate all DWD parameters.,,,,
dwd_cdc_daily_temperature,Climate,DWD Climate Data Center,Daily temperature station data,no,Germany,historical and recent station time series,FTP,https://opendata.dwd.de/climate_environment/CDC/,ZIP archives with station metadata/text tables,open data; cite DWD terms,ongoing CDC updates,https://opendata.dwd.de/climate_environment/CDC/Readme_intro_CDC_ftp.txt,All 5 LLs via station filtering or interpolation to LL regions,tabular,Medium,Bounded CDC entry; do not enumerate all DWD parameters.,,,,
dwd_cdc_gridded_precipitation,Climate,DWD Climate Data Center,HYRAS gridded precipitation,no,Germany,historical gridded precipitation product,FTP,https://opendata.dwd.de/climate_environment/CDC/,gridded raster archives,open data; cite DWD terms,product-specific updates,https://opendata.dwd.de/climate_environment/CDC/Readme_intro_CDC_ftp.txt,All 5 LLs through raster clipping to LL boundaries,raster,Medium,Bounded CDC entry for spatial precipitation context.,,,,
buek250_soil,Existing Integrations,BUEK250 Soil,BUEK250 soil polygons,yes,Germany,static federal soil map,manual-download,https://www.bgr.bund.de/DE/Themen/Boden/Informationsgrundlagen/Bodenkundliche_Karten_Datenbanken/BUEK250/buek250_node.html,GeoPackage/GeoJSON,GeoNutzV/DL-DE-BY style terms,static,https://www.bgr.bund.de/DE/Themen/Boden/Informationsgrundlagen/Bodenkundliche_Karten_Datenbanken/BUEK250/buek250_node.html,All 5 LLs,vector,Low,Already integrated as committed GeoJSON fixtures and runtime copies.,include,,,
dlr_croptypes,Existing Integrations,DLR Croptypes Germany,CROPTYPES_DE_P1Y,yes,Germany,annual crop type product,OGC-download,https://geoservice.dlr.de/eoc/ogc/stac/v1/collections/CROPTYPES_DE_P1Y?f=text/html,COG/STAC,DLR open data terms,annual,https://geoservice.dlr.de/eoc/ogc/stac/v1/collections/CROPTYPES_DE_P1Y?f=text/html,All 5 LLs,raster,Low,Already integrated through the raster PMTiles path.,include,,,
inspire_geoportal_iacs,INSPIRE / Discovery,INSPIRE Geoportal,Targeted IACS/InVeKoS discovery query,no,EU INSPIRE member-state metadata catalogue,metadata records vary by provider,manual-download,https://inspire-geoportal.ec.europa.eu/srv/eng/catalog.search#/home,catalogue metadata; downstream formats vary,[needs-verification],provider-specific,https://inspire-geoportal.ec.europa.eu/srv/eng/catalog.search#/home,All 5 LLs as discovery aid only; use state endpoints where possible,vector,High,Bounded to targeted IACS/InVeKoS discovery; not an integration source by itself.,,,,
europe_land_iacs,IACS / InVeKoS,Europe-LAND Harmonized IACS Inventory,European GSA/IACS harmonized inventory,no,European Union countries/states represented in record files,IACS/GSA years vary by country/state,Zenodo,https://zenodo.org/records/18670815,Zenodo files; harmonized IACS inventory,Zenodo record license,record versioned release,https://zenodo.org/records/18670815,Potentially all 5 LLs; verify German state coverage and file size before download,vector,High,Large harmonized inventory; integration must bound downloads to German/LL-relevant files.,,,,
invekos_brandenburg_dfbk,IACS / InVeKoS,InVeKoS Brandenburg DFBK,Digitales Feldblockkataster,no,Brandenburg and Berlin,annual slices 2010-2026; current service updates continue,WFS,https://isk.geobasis-bb.de/ows/geobroker_l_dfbk_wfs,GML via WFS; ZIP bulk download also available,DL-DE-BY-2.0,continuous/current plus historical annual slices,https://geoportal.brandenburg.de/detailansichtdienst/render?url=https://geoportal.brandenburg.de/gs-json/xml?fileid=9e95f21f-4ecf-4682-9a44-e5f7609f6fa0,"east-brandenburg, havelland",vector,Low,Strong LL fit; use WFS or bulk ZIP and clip after CRS alignment.,,,,
invekos_hesse_landwirtschaftliche_flaechen,IACS / InVeKoS,InVeKoS Hesse,lawi:LandwirtschaftlicheFlaechen_2024,no,Hesse,2024,WFS,https://inspire-geo.ibykus.net/geoserver/lawi/wfs,GML/SHAPE-ZIP via WFS GetFeature,CC BY 4.0,annual layer versions,https://inspire-geo.ibykus.net/geoserver/lawi/wfs?service=WFS&version=2.0.0&request=GetCapabilities,"north-hessian-loess, hessian-low-mountain",vector,Low,Contractor-hosted WFS; watch dead-URL risk and pin layer year in sources.yaml.,,,,
invekos_hesse_landscape,IACS / InVeKoS,InVeKoS Hesse,lawi:Landschaftselemente_2024,no,Hesse,2024,WFS,https://inspire-geo.ibykus.net/geoserver/lawi/wfs,GML/SHAPE-ZIP via WFS GetFeature,CC BY 4.0,annual layer versions,https://inspire-geo.ibykus.net/geoserver/lawi/wfs?service=WFS&version=2.0.0&request=GetCapabilities,"north-hessian-loess, hessian-low-mountain",vector,Low,Contractor-hosted WFS; landscape elements are reviewable separately from parcels.,,,,
invekos_hesse_lpis,IACS / InVeKoS,InVeKoS Hesse,lawi:LPIS-Referenzparzellen_2024,no,Hesse,2024,WFS,https://inspire-geo.ibykus.net/geoserver/lawi/wfs,GML/SHAPE-ZIP via WFS GetFeature,CC BY 4.0,annual layer versions,https://inspire-geo.ibykus.net/geoserver/lawi/wfs?service=WFS&version=2.0.0&request=GetCapabilities,"north-hessian-loess, hessian-low-mountain",vector,Low,Contractor-hosted WFS; LPIS reference parcels are reviewable separately from landscape elements.,,,,
invekos_niedersachsen_referenzparzellen,IACS / InVeKoS,InVeKoS Niedersachsen,Referenzparzellen,no,"Niedersachsen, Bremen, Hamburg",[needs-verification],WFS,https://sla.niedersachsen.de/agrarfoerderung/agrar_ref_inspire/wfs,GML via WFS GetFeature,[needs-verification],[needs-verification],https://gdi.bmleh.de/geodaten/geodaten-aus-dem-invekos-eu-agrarfoerderung,uelzen,vector,Medium,Endpoint identified through federal overview; license and layer years need confirmation before integration.,,,,
jki_small_structures,Landscape Structure,JKI Small Structures,Small structures database,no,[needs-verification],[needs-verification],manual-download,https://www.julius-kuehn.de/en/small-structures,[needs-verification],[needs-verification],[needs-verification],https://www.julius-kuehn.de/en/small-structures,Potentially all 5 LLs if open geodata access is confirmed,vector,High,Approved checkpoint default: keep as needs-verification row; do not backlog until access is confirmed.,,,,
bfn_protected_areas,Protected Areas,BfN Schutzgebiete,Federal protected areas WFS,no,Germany,feature-type specific; current federal protected-area datasets,WFS,https://geodienste.bfn.de/ogc/wfs/schutzgebiet,GML via WFS GetFeature,GeoNutzV,annual/product-specific updates,https://gdk.gdi-de.org/geonetwork/srv/api/records/bec888f9-ba0c-42dc-846e-177b8265dafa,All 5 LLs,vector,Low,Bounded to protected-area layers relevant for LL context; avoid enumerating full portal breadth.,,,,
thuenen_land_use_timeseries,Remote Sensing / Land Use,Thuenen agricultural land-use time series,Annual agricultural land-use maps 1990-2023,no,Germany,1990-2023 annual agricultural land-use maps,Zenodo,https://zenodo.org/records/15055561,COG/GeoTIFF record,Zenodo record license,record versioned release,https://zenodo.org/records/15055561,All 5 LLs through raster clipping to LL boundaries,raster,High,Approved checkpoint default: use Zenodo fallback when Nextcloud share is unreachable; temporal comparability still needs review.,,,,
ugr_ecosystem_atlas,UGR / Ecosystem Accounts,Destatis UGR Ecosystem Atlas,Ecosystem accounting atlas,no,Germany,[needs-verification],manual-download,https://oekosystematlas-ugr.destatis.de/,static downloads; exact file format needs verification,[needs-verification],[needs-verification],https://www.destatis.de/DE/Themen/Gesellschaft-Umwelt/Umwelt/UGR/oekosystemgesamtrechnungen/,All 5 LLs if municipality or grid data can be joined to LL regions,tabular,Medium,No confirmed API; use Destatis download/publication page and verify exact downloadable format before integration.,,,,
